the,4341
and,3026
i,2766
of,2761
to,2169
my,1751
a,1439
in,1184
was,1022
that,1019
me,853
with,713
had,686
but,680
you,617
he,599
which,565
it,544
not,535
his,533
as,529
for,516
by,486
on,469
this,438
from,400
be,373
her,371
have,369
at,328
is,326
when,321
were,308
your,255
or,253
she,249
him,220
an,215
all,213
if,210
so,209
they,203
will,201
one,199
could,197
are,194
been,190
their,184
would,183
we,180
no,177
who,174
more,165
should,155
these,151
now,151
before,149
yet,149
some,146
myself,135
our,130
man,129
upon,128
its,126
what,126
only,125
them,125
am,124
into,124
do,121
any,121
did,119
may,113
than,113
life,112
father,109
first,108
might,108
then,108
every,106
shall,106
own,106
eyes,104
can,102
said,102
time,97
even,96
being,95
most,94
towards,94
saw,94
those,92
other,91
such,90
found,90
project,88
mind,85
how,85
night,84
again,82
